frame_id,x,y,z,qx,qy,qz,qw
mould,0.6979791018677866,-0.05278312774757231,0.20514361184366176,-0.0030493221539501097,-0.03345109517952503,-0.03995185901351791,0.9986368583359297
